prompt,output,timestamp
"Provide me  python code for calculator
","Here's a simple Python script to make a basic calculator:
```
# Define the functions to perform the arithmetic operations
def add(a, b):
    return a + b

def subtract(a, b):
    return a - b

def multiply(a, b):
    return a * b

def divide(a, b):
    if b == 0:
        print(""Error: cannot divide by zero"")
        return None
    else:
        return a / b

# Define the main function that takes user input and performs the operation
def main():
    print(""Welcome to the basic calculator!"")

    # Prompt the user for the first number
    num1 = float(input(""Enter the first number: ""))

    # Prompt the user for the second number
    num2 = float(input(""Enter the second number: ""))

    # Prompt the user for the operation to perform
    operation = input(""Enter the operation to perform (+, -, *, /): "")

    if operation == ""+"":
        print(f""{num1} + {num2} = {add(num1, num2)}"")
    elif operation == ""-"":
        print(f""{num1} - {num2} = {subtract(num1, num2)}"")
    elif operation == ""*"":
        print(f""{num1} * {num2} = {multiply(num1, num2)}"")
    elif operation == ""/"":
        print(f""{num1} / {num2} = {divide(num1, num2)}"")
    else:
        print(""Invalid operation. Please enter a valid operation (+, -, *, /)."")
```
You can run this code by saving it to a file with a `.py` extension and running it in the command line using `python calculator.py`.",2025-09-11 17:24:40.356988
"Write me a bubbke sort code in three line in python
","```
def bubble_sort(arr):
    for i in range(len(arr)):
        for j in range(0, len(arr) - 1 - i):
            if arr[j] > arr[j + 1]:
                arr[j], arr[j + 1] = arr[j + 1], arr[j]
    return arr
```",2025-09-17 11:11:54.775879
"Write me a bubbke sort code in three line in python
","```
def bubble_sort(arr):
    for i in range(len(arr)):
        for j in range(0, len(arr) - 1 - i):
            if arr[j] > arr[j + 1]:
                arr[j], arr[j + 1] = arr[j + 1], arr[j]
    return arr
```",2025-09-17 11:11:59.199155
